,City,Cloudiness,Country,Date,Humidity,Lat,Lng,Max Temp,Wind Speed
0,Kavaratti,100,IN,1569500319,78,10.57,72.64,27.27,7.35
1,Albany,75,US,1569500258,67,42.65,-73.75,18.33,4.6
2,Zhigansk,100,RU,1569500321,74,66.77,123.37,4.37,5.27
3,Lagoa,0,PT,1569500323,56,37.14,-8.45,26.67,3.1
4,Rikitea,11,PF,1569500324,73,-23.12,-134.97,21.67,4.03
5,Touros,40,BR,1569500325,78,-5.2,-35.46,25.0,3.6
6,Kapaa,90,US,1569500326,88,22.08,-159.32,26.0,2.1
7,Severo-Kurilsk,81,RU,1569500328,84,50.68,156.12,8.67,15.02
8,Geraldton,75,CA,1569500329,100,49.72,-86.95,6.0,2.6
9,Riyadh,4,SA,1569499817,15,24.63,46.72,39.0,4.1
10,Ushuaia,40,AR,1569500246,65,-54.81,-68.31,5.0,4.1
11,Bhag,0,PK,1569500332,25,29.04,67.82,38.97,2.91
12,Jamestown,58,AU,1569500333,33,-33.21,138.6,13.57,3.18
13,Lincoln,49,GB,1569500335,77,53.23,-0.54,19.44,10.3
14,Bom Jesus,88,BR,1569500336,43,-9.08,-44.36,28.47,3.2
15,Carnarvon,0,ZA,1569500337,8,-30.97,22.13,24.97,6.56
16,Dauphin,75,CA,1569500338,87,51.15,-100.04,7.0,7.7
17,Aykhal,54,RU,1569500339,83,65.95,111.51,-1.63,6.19
18,Bredasdorp,0,ZA,1569500341,14,-34.53,20.04,22.0,5.1
19,Pangnirtung,75,CA,1569500342,48,66.15,-65.72,7.0,1.5
20,Qaanaaq,98,GL,1569500343,65,77.48,-69.36,-4.13,6.86
21,Punta Arenas,40,CL,1569500344,75,-53.16,-70.91,7.0,6.2
22,Tatishchevo,70,RU,1569500345,27,51.67,45.59,12.78,1.34
23,Hamilton,90,CA,1569500247,93,43.26,-79.87,16.67,2.1
24,Kruisfontein,0,ZA,1569500347,9,-34.0,24.73,32.37,2.64
25,Klaksvik,75,FO,1569500349,93,62.23,-6.59,12.0,16.5
26,Ancud,0,CL,1569500350,100,-41.87,-73.83,7.0,4.1
27,Caravelas,40,BR,1569500351,77,-17.73,-39.27,24.77,4.71
28,Ribeira Grande,75,PT,1569500352,88,38.52,-28.7,23.0,4.1
29,Muros,75,ES,1569500353,68,42.77,-9.06,21.11,6.2
30,Busselton,12,AU,1569500355,55,-33.64,115.35,15.56,6.99
31,Thompson,75,CA,1569500300,80,55.74,-97.86,1.0,2.6
32,Nikolskoye,75,RU,1569500357,61,59.7,30.79,12.22,4.0
33,Praia da Vitoria,20,PT,1569500360,78,38.73,-27.07,25.0,5.17
34,College,40,US,1569500361,97,64.86,-147.8,2.0,2.6
35,Davila,75,PH,1569500363,78,18.47,120.58,28.0,8.2
36,Luanda,75,AO,1569500274,65,-8.83,13.24,28.0,5.7
37,Bambous Virieux,75,MU,1569500365,100,-20.34,57.76,25.0,6.7
38,Buturlino,82,RU,1569500366,59,55.57,44.9,7.77,5.28
39,Ngunguru,16,NZ,1569500367,87,-35.62,174.5,8.33,0.89
40,Okhotsk,0,RU,1569500368,45,59.36,143.24,1.67,3.53
41,Laguna,40,BZ,1569500370,100,16.17,-88.94,24.0,1.22
42,Meulaboh,83,ID,1569500372,68,4.14,96.13,28.47,1.27
43,Saint-Philippe,90,CA,1569500373,77,45.36,-73.48,19.44,2.6
44,Tuktoyaktuk,100,CA,1569500374,78,69.44,-133.03,1.47,9.3
45,Banda Aceh,100,ID,1569500228,72,5.56,95.32,28.57,3.95
46,Provideniya,100,RU,1569500377,87,64.42,-173.23,0.07,3.13
47,Husavik,26,CA,1569500378,91,50.56,-96.99,6.11,1.79
48,Port Alfred,0,ZA,1569500379,70,-33.59,26.89,20.56,3.58
49,New Norfolk,0,AU,1569500380,58,-42.78,147.06,13.89,3.6
50,Sandpoint,90,US,1569500381,81,48.28,-116.55,14.44,2.1
51,Lavrentiya,88,RU,1569500383,79,65.58,-170.99,-0.13,1.46
52,East London,0,ZA,1569500384,49,-33.02,27.91,23.0,7.7
53,Atuona,12,PF,1569500109,78,-9.8,-139.03,25.97,6.66
54,Butaritari,11,KI,1569500110,69,3.07,172.79,29.37,5.23
55,Arlit,0,NE,1569500387,7,18.74,7.39,38.67,1.49
56,Pevek,0,RU,1569500389,70,69.7,170.27,0.57,2.51
57,Saint-Pierre,75,FR,1569500391,93,48.95,4.24,18.33,8.7
58,Hermanus,0,ZA,1569500393,47,-34.42,19.24,22.47,2.7
59,Beringovskiy,100,RU,1569500394,97,63.05,179.32,6.37,12.38
60,Dikson,73,RU,1569500395,91,73.51,80.55,2.47,3.78
61,Carballo,75,ES,1569500396,56,43.21,-8.69,22.0,4.6
62,Yar-Sale,100,RU,1569500398,75,66.83,70.83,3.57,3.12
63,Fort Nelson,90,CA,1569500399,81,58.81,-122.69,7.0,6.7
64,Hobart,0,AU,1569500133,58,-42.88,147.33,12.0,3.6
65,Ilulissat,20,GL,1569500402,44,69.22,-51.1,3.0,6.7
66,Cidreira,30,BR,1569500403,79,-30.17,-50.22,18.27,2.62
67,Hasaki,20,JP,1569500404,82,35.73,140.83,19.0,2.6
68,Bereda,75,ES,1569500406,56,43.27,-7.54,22.78,4.6
69,Saint George,40,GR,1569500407,37,39.45,22.34,30.0,1.76
70,Nizwa,60,OM,1569500409,35,22.93,57.53,30.77,2.64
71,Kavieng,71,PG,1569500410,72,-2.57,150.8,28.97,3.57
72,Vaini,75,IN,1569500412,100,15.34,74.49,22.0,4.1
73,Cape Town,0,ZA,1569500308,13,-33.93,18.42,34.0,5.1
74,Mataura,87,NZ,1569500414,79,-46.19,168.86,8.89,5.81
75,Khonsa,19,IN,1569500416,97,26.99,95.51,19.67,1.27
76,Gushikawa,20,JP,1569500417,88,26.35,127.87,29.0,3.6
77,Manokwari,90,ID,1569500425,85,-0.87,134.08,23.67,1.65
78,Bluff,59,AU,1569500428,77,-23.58,149.07,17.27,3.57
79,Huntsville,90,US,1569500324,100,34.73,-86.59,22.78,1.24
80,Pauini,8,BR,1569500488,65,-7.71,-67.0,26.77,1.06
81,Kodiak,1,US,1569500491,87,39.95,-94.76,12.78,2.6
82,Talnakh,100,RU,1569500492,84,69.49,88.39,1.67,3.43
83,Pimentel,36,BR,1569500494,70,-3.7,-45.5,27.77,1.86
84,Eyl,44,SO,1569500502,31,7.98,49.82,36.27,9.44
85,Tura,57,RU,1569500503,77,64.27,100.22,-0.73,2.2
86,Georgetown,20,GY,1569500508,79,6.8,-58.16,29.0,1.0
87,La Romana,40,DO,1569500516,94,18.43,-68.97,27.0,3.25
88,Liberal,90,US,1569500517,59,37.04,-100.92,17.0,4.6
89,Ikalamavony,63,MG,1569500522,29,-21.17,46.6,28.77,2.82
90,Teguldet,41,RU,1569500523,73,57.31,88.17,2.37,2.32
91,Garowe,23,SO,1569500525,29,8.41,48.48,35.07,7.68
92,Nalut,20,LY,1569500526,23,31.86,10.98,34.17,4.19
93,Barrow,0,AR,1569500527,61,-38.31,-60.23,16.37,4.44
94,Ponta Delgada,75,PT,1569500528,94,37.73,-25.67,23.0,7.2
95,Cherskiy,13,RU,1569500529,70,68.75,161.3,-2.23,1.52
96,Nha Trang,20,VN,1569500531,74,12.24,109.19,29.0,6.7
97,Hilo,40,US,1569500532,61,19.71,-155.08,26.0,2.1
98,San Policarpo,33,PH,1569500533,83,12.18,125.51,27.27,2.71
99,Bam,0,IR,1569500534,8,29.11,58.36,28.17,3.35
100,Karia,92,NG,1569500536,34,11.73,11.16,35.07,2.18
101,Vestmannaeyjar,75,IS,1569500539,93,63.44,-20.27,12.0,5.1
102,Kalabo,39,ZM,1569500540,25,-15.0,22.67,30.57,5.64
103,Bonthe,100,SL,1569500541,88,7.53,-12.5,25.17,3.11
104,Nanortalik,17,GL,1569500439,73,60.14,-45.24,6.57,0.27
105,Riachao das Neves,0,BR,1569500543,34,-11.75,-44.91,29.07,3.03
106,Tasiilaq,75,GL,1569500544,75,65.61,-37.64,7.0,10.3
107,Qaqortoq,5,GL,1569500546,74,60.72,-46.03,3.0,1.55
108,Meadville,90,US,1569500547,77,41.64,-80.15,19.44,2.1
109,Gat,75,SN,1569500548,70,14.69,-16.54,32.0,3.1
110,Terrace,90,CA,1569500549,100,54.52,-128.61,7.0,1.0
111,Arraial do Cabo,90,BR,1569500550,94,-22.97,-42.02,20.0,3.6
112,Valdivia,75,CL,1569500269,100,-39.81,-73.25,2.0,3.4
113,Vagur,100,FO,1569500553,94,61.47,-6.81,10.57,15.56
114,Jumla,58,NP,1569500554,93,29.28,82.18,13.37,2.0
115,Upata,95,VE,1569500555,84,8.02,-62.41,23.97,1.97
116,Cradock,0,ZA,1569500556,7,-32.16,25.62,25.37,0.85
117,Esperance,40,AU,1569500526,87,-33.86,121.89,13.0,3.1
118,Saskylakh,100,RU,1569500561,84,71.97,114.09,-0.23,2.9
119,Podporozhye,98,RU,1569500562,89,60.91,34.16,5.47,2.91
120,Portland,20,US,1569500563,87,43.66,-70.25,16.67,1.46
121,Cayenne,70,GF,1569500564,74,4.94,-52.33,29.0,1.5
122,Clyde River,90,CA,1569500565,100,70.47,-68.59,2.0,3.1
123,Longyearbyen,75,NO,1569500567,93,78.22,15.63,5.0,7.2
124,Hithadhoo,100,MV,1569500568,76,-0.6,73.08,28.47,7.06
125,Rosetta,40,EG,1569500359,62,31.4,30.42,29.0,4.6
126,Verkhnetulomskiy,75,RU,1569500570,93,68.61,31.8,6.0,1.0
127,Makakilo City,90,US,1569500571,100,21.35,-158.09,26.0,3.38
128,Aklavik,75,CA,1569500573,89,68.22,-135.01,0.0,5.16
129,Marsa Matruh,40,EG,1569500574,61,31.35,27.25,28.0,5.1
130,Pyapon,100,MM,1569500576,78,16.29,95.68,27.87,1.2
131,Sorgun,40,TR,1569500577,43,39.81,35.19,21.97,5.04
132,Cabo San Lucas,5,MX,1569500474,78,22.89,-109.91,25.0,4.6
133,Flin Flon,20,CA,1569500579,100,54.77,-101.88,3.0,3.1
134,Ust-Maya,69,RU,1569500581,89,60.42,134.54,2.97,1.5
135,Hervey Bay,19,AU,1569500583,72,-25.3,152.85,19.44,2.6
136,Tecoanapa,40,MX,1569500584,88,16.99,-99.26,26.0,2.6
137,Northam,31,AU,1569500586,62,-31.65,116.67,14.0,3.1
138,Mongu,40,ZM,1569500588,22,-15.27,23.14,31.67,4.82
139,Rio Gallegos,0,AR,1569500589,65,-51.62,-69.22,5.0,2.1
140,Sechura,39,PE,1569500590,93,-5.56,-80.82,16.87,2.75
141,Newport,75,US,1569500591,93,41.49,-71.31,20.56,1.5
142,Mehamn,75,NO,1569500592,81,71.03,27.85,7.0,4.1
143,Mount Gambier,53,AU,1569500593,62,-37.83,140.78,13.0,4.6
144,Port Blair,95,IN,1569500595,81,11.67,92.75,27.97,4.95
145,Santo Amaro da Imperatriz,40,BR,1569500596,77,-27.69,-48.78,22.78,1.5
146,Jinchang,0,CN,1569500598,26,38.52,102.19,16.67,2.01
147,Kahului,1,US,1569500599,78,20.89,-156.47,23.89,1.86
148,Ornskoldsvik,0,SE,1569500600,54,63.29,18.72,13.0,1.5
149,Mayumba,61,GA,1569500603,87,-3.44,10.65,24.97,4.41
150,Fundao,90,BR,1569500605,88,-19.93,-40.4,22.0,2.1
151,Mocuba,86,MZ,1569500607,56,-16.84,36.99,20.87,5.61
152,Takoradi,84,GH,1569500608,67,4.89,-1.75,29.37,2.88
153,Puerto Ayora,90,EC,1569500610,88,-0.74,-90.35,20.0,5.1
154,Tautira,75,PF,1569500611,83,-17.73,-149.15,25.0,4.6
155,Avera,1,US,1569500612,100,33.19,-82.53,22.0,1.59
156,Avarua,44,CK,1569500613,100,-21.21,-159.78,21.0,3.6
157,Kachug,68,RU,1569500614,74,53.96,105.89,9.17,1.25
158,Mar del Plata,0,AR,1569500450,51,-46.43,-67.52,8.17,6.72
159,Kaitangata,87,NZ,1569500617,66,-46.28,169.85,8.33,5.36
160,Kieta,20,PG,1569500618,76,-6.22,155.63,27.47,2.18
161,Gulariya,34,IN,1569500620,97,28.2,81.35,22.22,5.32
162,Harper,75,US,1569500622,88,30.3,-99.24,22.22,4.82
163,Khatanga,100,RU,1569500624,95,71.98,102.47,1.37,3.58
164,Beneditinos,20,BR,1569500626,62,-5.46,-42.36,30.0,3.1
165,West Bay,90,CA,1569500627,93,49.34,-123.21,15.0,4.6
166,Sinnamary,45,GF,1569500628,72,5.38,-52.96,28.07,3.31
167,Tuatapere,91,NZ,1569500631,79,-46.13,167.69,8.89,5.81
168,Guatire,40,VE,1569500632,83,10.47,-66.54,26.0,1.5
169,Pitimbu,40,BR,1569500371,69,-7.47,-34.81,27.0,6.2
170,Faanui,17,PF,1569500634,80,-16.48,-151.75,26.17,6.39
171,Pisco,90,PE,1569500635,30,-13.71,-76.2,22.0,2.1
172,Chalisgaon,100,IN,1569500636,80,20.46,75.0,27.77,3.1
173,Tutin,25,RS,1569500638,47,42.99,20.34,19.57,4.81
174,Kamaishi,0,JP,1569500639,71,39.28,141.86,10.07,0.91
175,Mahebourg,75,MU,1569500640,100,-20.41,57.7,25.0,6.7
176,Kaeo,28,NZ,1569500641,100,-35.1,173.78,9.44,3.9
177,Manaus,40,BR,1569500642,78,-3.13,-59.98,28.0,2.1
178,Nuuk,20,GL,1569500534,48,64.17,-51.74,6.0,7.7
179,Belle Fourche,1,US,1569500645,75,44.67,-103.85,11.11,2.6
180,Honningsvag,75,NO,1569500646,81,70.98,25.97,7.0,4.1
181,Alexandria,82,RO,1569500647,48,43.97,25.33,25.56,0.45
182,Lebu,59,ET,1569500648,64,8.96,38.73,20.07,4.86
183,Zhaodong,0,CN,1569500649,82,46.07,125.99,16.0,1.0
184,Shingu,15,JP,1569500583,97,33.72,135.99,17.87,2.32
185,Charleston,1,US,1569500517,83,32.79,-79.94,27.22,4.6
186,Atambua,1,ID,1569500653,80,-9.11,124.89,26.27,2.1
187,Yerofey Pavlovich,0,RU,1569500654,90,53.97,121.97,8.07,1.18
188,Taldan,8,RU,1569500655,82,53.69,124.82,7.37,1.81
189,Wana,48,PK,1569500656,55,32.31,69.59,20.37,3.5
190,Nabire,100,ID,1569500657,95,-3.36,135.5,21.77,0.15
191,Khvoynaya,98,RU,1569500659,53,58.9,34.53,8.77,3.27
192,Alofi,100,NU,1569500660,94,-19.06,-169.92,20.0,0.5
193,Saint Johnsbury,75,US,1569500661,87,44.42,-72.02,16.67,2.33
194,Shitanjing,0,CN,1569500662,22,39.23,106.34,22.57,3.64
195,Rioblanco,69,CO,1569500663,88,3.53,-75.64,7.77,1.95
196,Puri,68,ID,1569500665,72,-7.54,112.45,24.27,5.78
197,Sitka,83,US,1569500666,59,37.17,-99.65,16.11,5.36
198,Yumen,0,CN,1569500667,11,40.29,97.04,23.07,2.14
199,Sao Miguel do Araguaia,50,BR,1569500472,31,-13.28,-50.16,34.17,1.51
200,Sinazongwe,0,ZM,1569500670,22,-17.26,27.46,23.87,4.35
201,Ust-Tsilma,100,RU,1569500671,88,65.44,52.15,3.77,4.06
202,Iqaluit,20,CA,1569500673,86,63.75,-68.52,3.0,8.2
203,Broome,20,GB,1569500674,56,52.47,1.45,21.67,6.7
204,Beroroha,10,MG,1569500677,22,-21.68,45.17,32.17,3.97
205,Sosnovo-Ozerskoye,99,RU,1569500678,75,52.53,111.54,12.37,2.96
206,Bathsheba,75,BB,1569500680,70,13.22,-59.52,30.0,5.1
207,Manavalakurichi,40,IN,1569500683,74,8.13,77.3,29.0,1.0
208,Lorengau,1,PG,1569500684,83,-2.02,147.27,26.47,2.57
209,Padang,64,ID,1569500686,83,-0.92,100.36,26.07,4.62
210,Skoghall,20,SE,1569500688,62,59.32,13.47,13.33,4.6
211,Dourbali,100,TD,1569500689,74,11.81,15.86,27.07,6.12
212,Mahanoro,61,MG,1569500690,56,-19.9,48.8,26.17,3.03
213,Bandarbeyla,31,SO,1569500691,46,9.49,50.81,32.67,12.55
214,Waipawa,27,NZ,1569500692,84,-39.94,176.59,8.89,4.92
215,Pogradec,75,AL,1569500694,68,40.9,20.66,20.0,1.5
216,Santa Isabel do Rio Negro,69,BR,1569500695,91,-0.41,-65.02,25.07,0.49
217,Abha,40,SA,1569500696,15,18.22,42.5,29.0,7.2
218,Nambucca Heads,62,AU,1569500697,82,-30.64,152.99,18.0,3.6
219,Bambanglipuro,0,ID,1569500698,87,-7.95,110.28,24.47,4.82
220,Omsukchan,100,RU,1569500700,90,62.53,155.8,-4.13,3.12
221,Bethel,20,US,1569500701,100,60.79,-161.76,3.0,2.6
222,Tiksi,100,RU,1569500702,98,71.64,128.87,1.47,1.86
223,Kirakira,72,SB,1569500703,83,-10.46,161.92,25.47,2.51
224,Livingston,40,US,1569500705,100,32.58,-88.19,23.33,1.57
225,Luderitz,39,NA,1569500706,53,-26.65,15.16,22.0,3.1
226,Yellowknife,40,CA,1569500707,78,62.45,-114.38,0.0,2.6
227,Grindavik,75,IS,1569500708,76,63.84,-22.43,16.0,2.6
228,Saldanha,100,PT,1569500709,42,41.42,-6.55,20.37,1.96
229,Huarmey,100,PE,1569500711,95,-10.07,-78.15,15.97,4.98
230,Hilton Head Island,1,US,1569500712,83,32.16,-80.75,27.22,2.1
231,Ambilobe,81,MG,1569500713,58,-13.19,49.05,28.87,4.97
232,Chokurdakh,40,RU,1569500714,89,70.62,147.9,-3.43,3.8
233,Codrington,96,AU,1569500716,93,-28.95,153.24,18.0,2.6
234,Luan,75,CH,1569500717,63,46.36,6.98,20.56,0.5
235,Mzimba,86,MW,1569500718,44,-11.9,33.6,23.67,4.41
236,Dunedin,97,NZ,1569500720,77,-45.87,170.5,8.33,10.28
237,Gorontalo,0,ID,1569500721,92,0.54,123.06,23.77,1.43
238,Siyabuswa,0,ZA,1569500723,17,-25.11,29.06,21.27,2.06
239,Pathein,66,MM,1569500540,83,16.78,94.73,26.47,2.07
240,Celica,0,EC,1569500725,72,-4.1,-79.96,16.0,1.5
241,Semey,0,KZ,1569500726,28,50.41,80.25,14.0,4.0
242,Castro,0,CL,1569500727,87,-42.48,-73.76,9.0,3.1
243,Mercedes,0,UY,1569500728,68,-33.25,-58.03,17.47,1.65
244,Hobyo,51,SO,1569500730,54,5.35,48.53,29.97,13.66
245,Doha,0,QA,1569500562,60,25.29,51.53,40.0,4.1
246,Tarsus,40,TR,1569500732,51,36.92,34.88,32.22,4.6
247,Nisia Floresta,75,BR,1569500733,69,-6.09,-35.21,28.0,8.7
248,Alyangula,23,AU,1569500734,83,-13.85,136.42,23.0,1.5
249,Elmadag,40,TR,1569500736,35,39.92,33.23,25.0,5.1
250,Moyale,100,ET,1569500737,62,3.52,39.05,24.57,4.18
251,Ponta do Sol,100,BR,1569500738,92,-20.63,-46.0,17.17,1.2
252,Sumbe,0,AO,1569500739,85,-11.2,13.84,25.0,4.6
253,Richards Bay,50,ZA,1569500741,55,-28.77,32.06,17.57,4.11
254,Belmonte,27,PT,1569500742,59,40.36,-7.35,26.11,1.34
255,Buala,15,SB,1569500744,78,-8.15,159.59,26.87,3.23
256,San Patricio,0,PY,1569500745,60,-26.98,-56.83,18.07,2.33
257,Regente Feijo,90,BR,1569500746,88,-22.22,-51.3,18.0,4.1
258,Issoire,75,FR,1569500747,49,45.54,3.25,23.0,6.2
259,Chuy,3,UY,1569500748,72,-33.69,-53.46,16.07,2.9
260,Kurchatov,40,KZ,1569500750,31,50.75,78.54,13.47,2.12
261,Chuka,91,KE,1569500751,51,-0.33,37.65,25.17,1.99
262,Guerrero Negro,6,MX,1569500515,82,27.97,-114.04,19.07,4.32
263,Bongandanga,68,CD,1569500754,45,1.51,21.07,31.47,2.65
264,Sobolevo,0,RU,1569500755,54,54.43,31.9,12.37,1.63
265,Neuquen,0,AR,1569500757,36,-38.95,-68.06,17.0,8.2
266,Port Elizabeth,1,US,1569500758,83,39.31,-74.98,23.33,2.1
267,Puerto Ayacucho,55,CO,1569500760,80,5.66,-67.63,26.17,2.24
268,Taylor,90,CA,1569500761,87,56.15,-120.68,7.0,6.2
269,Williams Lake,90,CA,1569500762,86,52.13,-122.14,4.0,2.6
270,Lompoc,1,US,1569500674,93,34.64,-120.46,21.0,2.6
271,Kenora,20,CA,1569500765,87,49.76,-94.48,7.0,4.1
272,Katobu,0,ID,1569500766,82,-4.94,122.53,23.37,2.67
273,Wagga Wagga,93,AU,1569500767,70,-35.12,147.37,8.0,2.1
274,Sokol,100,RU,1569500768,81,59.46,40.11,4.97,3.76
275,Jiwani,0,PK,1569500643,83,25.05,61.74,29.17,8.88
276,Marystown,100,CA,1569500555,96,47.17,-55.16,14.27,1.83
277,Ardakan,0,IR,1569500772,8,32.31,54.02,36.0,1.0
278,Santa Rosa,74,AR,1569500514,51,-36.62,-64.29,17.07,3.3
279,Tomohon,20,ID,1569500774,78,1.33,124.84,26.0,3.1
280,Artesia,1,US,1569500603,59,32.84,-104.4,20.0,4.1
281,Airai,11,TL,1569500776,85,-8.93,125.41,21.77,1.94
282,Misratah,0,LY,1569500777,72,32.38,15.09,25.77,4.82
283,Morro Bay,90,US,1569500778,93,35.37,-120.85,17.78,1.5
284,Shizunai,0,JP,1569500780,78,42.33,142.37,16.87,5.16
285,Monze,9,ZM,1569500781,28,-16.28,27.48,23.87,4.83
286,Huanren,40,CN,1569500782,85,41.26,125.37,15.37,1.16
287,Te Anau,100,NZ,1569500783,90,-45.41,167.72,5.57,2.72
288,Askino,100,RU,1569500787,78,56.09,56.58,4.67,3.97
289,Boysun,0,UZ,1569500788,18,38.2,67.2,24.17,3.39
290,Boende,100,CD,1569500789,62,-0.28,20.88,28.57,1.26
291,Sioux Lookout,75,CA,1569500790,87,50.1,-91.92,7.0,2.6
292,Alcaniz,1,ES,1569500791,51,41.05,-0.13,26.67,2.68
293,Winnemucca,0,US,1569500674,69,40.97,-117.74,5.56,1.09
294,Fernie,90,CA,1569500793,71,49.5,-115.06,10.0,2.6
295,Jiangyou,76,CN,1569500795,94,31.78,104.73,12.57,0.87
296,Coahuayana,93,MX,1569500796,97,18.62,-100.35,19.97,0.91
297,Henties Bay,73,NA,1569500797,86,-22.12,14.28,17.22,3.58
298,Namuac,100,PH,1569500798,97,18.61,121.17,23.17,1.84
299,Tabou,63,CI,1569500799,78,4.42,-7.36,27.97,3.07
300,Cerro Largo,0,BR,1569500801,72,-28.15,-54.74,20.0,2.6
301,Saint-Georges,100,CA,1569500631,36,46.12,-70.67,16.67,0.45
302,Pacific Grove,1,US,1569500803,72,36.62,-121.92,18.33,1.5
303,Ahipara,34,NZ,1569500804,100,-35.17,173.16,9.44,10.22
304,Stromness,90,CA,1569500805,93,42.87,-79.55,16.67,2.1
305,Hanzhong,20,CN,1569500806,71,33.08,107.03,19.37,1.37
306,Kozhva,100,RU,1569500808,93,65.11,57.05,2.77,2.53
307,Torbay,90,CA,1569500747,100,47.66,-52.73,13.33,3.1
308,Bubaque,22,GW,1569500810,72,11.28,-15.83,28.17,1.35
309,Yulara,26,AU,1569500720,28,-25.24,130.99,22.0,2.1
310,Salalah,40,OM,1569500812,70,17.01,54.1,29.0,4.6
311,Victoria,75,BN,1569500591,70,5.28,115.24,30.0,2.1
312,Mayo,5,CA,1569500814,88,63.59,-135.9,0.0,2.6
313,Shieli,25,KZ,1569500816,18,44.18,66.74,26.87,7.15
314,Ribeira Brava,40,PT,1569500817,60,32.65,-17.07,23.89,6.2
315,Zhangye,0,CN,1569500818,18,38.94,100.46,18.77,2.46
316,Abbotsford,90,CA,1569500778,93,49.05,-122.33,14.44,5.1
317,Isangel,75,VU,1569500820,73,-19.55,169.27,21.0,3.1
318,Cururupu,80,BR,1569500822,63,-1.82,-44.87,29.57,2.59
319,Bryan,40,US,1569500739,100,30.67,-96.37,23.33,2.5
320,Grand Gaube,75,MU,1569500824,100,-20.01,57.66,25.0,6.7
321,Guadalupe Victoria,5,MX,1569500825,100,21.68,-105.33,19.0,3.24
322,Flinders,83,AU,1569500826,100,-34.58,150.85,17.22,2.04
323,Polovinnoye,78,RU,1569500827,62,54.79,65.99,7.17,4.81
324,Corinto,75,CO,1569500830,94,3.17,-76.26,20.0,1.0
325,Deputatskiy,51,RU,1569500832,85,69.3,139.9,-7.13,1.76
326,Upington,0,ZA,1569500833,9,-28.46,21.24,29.0,7.7
327,Saint-Augustin,90,CA,1569500834,93,45.63,-73.98,19.0,1.0
328,Moche,90,PE,1569500835,93,-8.17,-79.01,15.0,2.1
329,Malgrat de Mar,40,ES,1569500837,61,41.65,2.74,27.22,4.1
330,Iskateley,93,RU,1569500838,74,67.68,53.15,5.27,6.56
331,Cockburn Town,40,TC,1569500839,78,21.46,-71.14,28.0,2.6
332,Kunashak,75,RU,1569500840,52,55.7,61.55,6.0,6.0
333,Poso,64,ID,1569500841,98,-1.4,120.75,16.67,1.33
334,Port Lincoln,100,AU,1569500842,62,-34.72,135.86,16.77,5.07
335,Carutapera,78,BR,1569500845,70,-1.2,-46.02,28.67,3.34
336,Fairbanks,40,US,1569500798,97,64.84,-147.72,2.0,2.6
337,Leningradskiy,8,RU,1569500847,73,69.38,178.42,-3.23,2.56
338,Bolshaya Rechka,0,RU,1569500848,66,51.95,104.74,13.0,4.0
339,San Andres,11,PH,1569500695,85,13.32,122.68,25.67,0.74
340,Nishihara,75,JP,1569500850,78,35.74,139.53,23.33,3.1
341,Aranos,0,NA,1569500852,14,-24.14,19.11,26.47,9.49
342,Zhezkazgan,75,KZ,1569500854,34,47.8,67.71,20.0,5.0
343,Shihezi,77,CN,1569500855,28,44.3,86.03,25.47,5.35
344,Ventspils,0,LV,1569500856,51,57.39,21.56,16.0,1.5
345,Sorong,100,ID,1569500859,95,-0.86,131.25,23.37,1.65
346,Lamar,90,US,1569500860,54,38.09,-102.62,14.0,4.1
347,Bonito,22,BR,1569500861,78,-1.36,-47.3,27.27,2.29
348,Walvis Bay,75,NA,1569500862,53,-22.95,14.51,24.0,5.1
349,Porto Novo,75,BR,1569500863,93,-23.68,-45.44,17.0,1.5
350,Tual,76,ID,1569500865,84,-5.67,132.75,25.97,7.15
351,Pontes e Lacerda,40,BR,1569500866,60,-15.23,-59.33,25.07,1.86
352,Vao,79,EE,1569500867,70,59.1,26.19,12.07,2.88
353,Ormara,21,PK,1569500868,38,25.21,64.64,36.07,5.14
354,Kyaiklat,75,MM,1569500869,83,16.44,95.73,28.0,2.6
355,Xining,0,CN,1569500870,37,36.62,101.77,9.47,3.19
356,Nancha,0,CN,1569500873,78,47.14,129.26,11.07,1.36
357,Diffa,95,NE,1569500874,33,13.32,12.61,34.07,2.29
358,Berlevag,75,NO,1569500875,87,70.86,29.09,7.0,3.6
359,Kangaatsiaq,12,GL,1569500877,58,68.31,-53.46,2.77,8.17
360,Merauke,27,ID,1569500879,83,-8.49,140.4,25.97,10.8
361,Pila,90,PH,1569500880,88,14.24,121.36,28.0,3.6
362,Souillac,40,FR,1569500881,53,45.6,-0.6,23.33,8.2
363,China,62,MX,1569500882,83,25.71,-99.24,25.27,1.85
364,Charlottesville,1,US,1569500587,82,38.03,-78.48,18.89,0.92
365,Buchanan,75,LR,1569500884,78,5.88,-10.05,28.0,4.85
366,Cabedelo,40,BR,1569500886,65,-6.97,-34.84,28.0,6.7
367,Dingle,80,PH,1569500887,91,11.0,122.67,24.67,1.8
368,Prieska,0,ZA,1569500888,7,-29.67,22.74,25.97,3.15
369,Rustenburg,0,ZA,1569500889,16,-25.67,27.24,21.0,3.6
370,Wajir,75,KE,1569500891,46,1.75,40.07,34.0,3.1
371,Waynesville,90,US,1569500893,87,37.83,-92.2,17.0,1.5
372,Mount Isa,99,AU,1569500894,26,-20.73,139.49,26.0,3.6
373,Abu Dhabi,0,AE,1569500335,23,24.47,54.37,37.0,5.1
374,Barguzin,49,RU,1569500897,93,53.62,109.63,5.17,0.09
375,Sola,100,TZ,1569500898,26,-3.17,33.8,31.27,4.3
376,Katsuura,75,JP,1569500899,78,33.93,134.5,25.0,4.1
377,Knyaze-Volkonskoye,0,RU,1569500901,61,48.46,135.46,10.0,4.0
378,Ikwiriri,97,TZ,1569500902,34,-7.96,38.99,32.07,2.65
379,Chhatapur,100,IN,1569500904,66,23.07,86.96,20.0,1.97
380,Kobe,0,JP,1569500905,73,34.69,135.19,26.0,5.1
381,Darnah,0,LY,1569500907,71,32.77,22.64,24.67,5.17
382,Calama,0,CL,1569500909,11,-22.46,-68.93,14.0,9.3
383,Ilanskiy,67,RU,1569500910,73,56.24,96.06,5.07,3.69
384,Port Macquarie,85,AU,1569500630,93,-31.43,152.91,15.56,1.5
385,Khairabad,0,AF,1569500914,10,36.84,66.1,36.67,2.52
386,Traverse City,40,US,1569500829,76,44.76,-85.62,15.0,4.1
387,Cap Malheureux,75,MU,1569500917,100,-19.98,57.61,25.0,6.7
388,Menongue,84,AO,1569500918,18,-14.66,17.68,31.67,4.46
389,Laureles,5,MX,1569500919,88,29.18,-110.87,24.0,2.1
390,Onega,53,RU,1569500920,74,63.91,38.09,7.57,5.69
391,Lawrenceburg,90,US,1569500921,100,35.24,-87.33,22.0,1.68
392,Amga,91,RU,1569500923,92,60.89,131.98,3.67,2.23
393,Serenje,85,ZM,1569500924,45,-13.23,30.22,21.17,5.13
394,Gonda,99,IN,1569500925,93,27.13,81.96,23.57,5.75
395,Teknaf,100,BD,1569500926,73,20.86,92.31,28.37,3.39
396,Ha Tinh,10,VN,1569500927,77,18.33,105.9,23.77,1.06
397,Yeppoon,28,AU,1569500930,72,-23.13,150.74,20.0,2.6
398,Jhalu,14,IN,1569500932,75,29.35,78.25,28.37,2.87
399,Bandar-e Lengeh,40,IR,1569500762,63,26.56,54.88,35.0,4.1
400,Half Moon Bay,1,US,1569500934,68,37.46,-122.43,20.0,4.64
401,Deoli,100,IN,1569500935,73,25.76,75.37,28.87,2.97
402,Sarahan,51,IN,1569500937,90,31.51,77.79,16.47,1.53
403,Port Moresby,43,PG,1569500834,85,-9.47,147.16,25.17,11.44
404,Ostrovnoy,100,RU,1569500939,84,68.05,39.51,4.07,7.87
405,Coihaique,100,CL,1569500940,99,-45.58,-72.07,7.0,1.5
406,Caohai,37,CN,1569500941,89,26.87,104.28,10.87,2.2
407,Samarai,98,PG,1569500942,93,-10.62,150.67,23.37,3.32
408,Baykit,100,RU,1569500944,89,61.68,96.39,0.87,1.29
409,Datong,63,CN,1569500945,42,40.09,113.3,17.47,2.98
410,Saint-Francois,75,FR,1569500946,56,46.42,3.91,21.0,3.1
411,Maine-Soroa,83,NE,1569500948,29,13.21,12.02,35.67,2.47
412,Margate,0,AU,1569500949,54,-43.03,147.26,13.89,4.1
413,Mackay,75,CA,1569500951,100,53.65,-115.58,5.0,2.1
414,Khanu Woralaksaburi,5,TH,1569500952,81,16.06,99.86,25.37,1.31
415,Andradina,100,BR,1569500953,84,-20.89,-51.38,20.27,1.8
416,Port Hardy,90,CA,1569500954,87,50.7,-127.42,11.0,4.6
417,Acapulco,40,MX,1569500956,88,16.86,-99.88,26.0,2.6
418,Bagdarin,100,RU,1569500958,74,54.44,113.59,9.57,2.71
419,Matara,74,BI,1569500959,51,-3.48,29.48,19.57,3.48
420,Nyurba,50,RU,1569500960,84,63.29,118.35,3.27,2.68
421,Lasa,20,CY,1569500961,66,34.92,32.53,29.0,4.6
422,Lima,90,PE,1569500104,93,-12.06,-77.04,16.0,3.1
423,Berezivka,100,UA,1569500963,49,47.2,30.91,16.47,6.13
424,Ayni,0,TJ,1569500965,19,39.39,68.54,18.67,5.03
425,Pinsk,100,BY,1569500966,94,52.11,26.1,10.87,2.27
426,Praia,90,BR,1569500967,82,-20.25,-43.81,17.0,2.6
427,Neepawa,75,CA,1569500968,93,50.23,-99.46,5.0,4.1
428,Canutama,100,BR,1569500969,84,-6.53,-64.38,25.67,0.52
429,Jijiga,77,ET,1569500971,51,9.35,42.8,22.77,1.54
430,Evensk,100,RU,1569500972,66,61.92,159.24,1.47,5.94
431,Shulan,0,CN,1569500973,88,44.41,126.94,17.37,2.54
432,Sambava,43,MG,1569500974,53,-14.27,50.17,26.57,3.27
433,Tilichiki,93,RU,1569500975,90,60.47,166.1,3.47,5.03
434,Awjilah,0,LY,1569500976,26,29.14,21.3,33.57,4.32
435,Vieste,75,IT,1569500978,58,41.88,16.18,28.0,5.7
436,Campo Grande,75,BR,1569500979,88,-20.46,-54.62,20.0,3.1
437,Naze,75,NG,1569500980,70,5.43,7.07,31.0,2.1
438,Bin Qirdan,0,TN,1569500984,36,33.14,11.22,33.17,4.44
439,Mionica,75,RS,1569500985,87,44.25,20.09,21.0,6.2
440,Faya,40,SA,1569500986,15,18.39,42.45,29.0,7.2
441,Bonavista,100,CA,1569500987,85,48.65,-53.11,10.0,0.89
442,Stabat,10,ID,1569500988,48,3.76,98.46,28.89,0.29
443,Diamantino,99,BR,1569500990,86,-14.4,-56.44,23.27,0.67
444,Den Helder,75,NL,1569500991,93,52.96,4.76,17.78,7.2
445,Umm Lajj,0,SA,1569500992,74,25.02,37.27,29.07,7.56
446,Outjo,45,NA,1569500993,15,-20.11,16.16,30.47,6.44
447,Bonaberi,75,CM,1569500994,78,4.08,9.66,28.0,1.5
448,Sri Aman,98,MY,1569500997,100,1.24,111.46,25.56,1.03
449,Gornopravdinsk,97,RU,1569500998,74,60.06,69.92,3.67,4.82
450,Martapura,20,ID,1569500999,78,-3.41,114.85,27.0,2.1
451,Kalmunai,44,LK,1569501001,72,7.42,81.82,27.37,2.96
452,Daru,100,PG,1569501002,87,-9.07,143.21,23.97,4.6
453,Elliot,0,ZA,1569501004,6,-31.33,27.85,24.87,2.67
454,Coruripe,93,BR,1569501005,61,-10.12,-36.18,26.67,4.35
455,Atar,0,MR,1569501006,7,20.52,-13.05,42.07,6.67
456,Gizo,0,IL,1569501014,62,31.8,34.94,30.56,5.7
457,Antananarivo,75,MG,1569501017,39,-18.91,47.53,26.0,5.1
458,Poum,75,MK,1569501018,68,41.28,20.71,20.0,1.5
459,Oranjestad,20,AW,1569501020,79,12.52,-70.03,29.0,2.6
460,Kyzyl-Suu,8,KG,1569501022,57,42.34,78.0,19.27,2.66
461,Forio,40,IT,1569501023,64,40.73,13.86,27.0,1.0
462,Murashi,100,RU,1569501028,83,59.4,48.97,3.07,4.97
463,Aitape,20,PG,1569501030,86,-3.15,142.36,26.07,2.28
464,Hofn,90,IS,1569501031,87,64.25,-15.21,12.0,6.2
465,Paamiut,0,GL,1569501033,59,61.99,-49.67,5.97,0.85
466,Aquin,51,HT,1569501034,86,18.28,-73.39,25.77,3.05
467,Quatre Cocos,75,MU,1569501035,100,-20.21,57.76,25.0,6.7
468,Waiuku,83,NZ,1569501036,76,-37.25,174.73,12.22,11.3
469,Chara,40,GR,1569501038,37,39.42,22.43,30.0,1.76
470,Kiunga,100,PG,1569501039,97,-6.12,141.3,23.57,3.0
471,Pandan,0,PH,1569501040,67,11.72,122.09,28.07,1.21
472,Muncar,58,ID,1569501041,95,-8.43,114.34,21.37,0.88
473,Parkersburg,75,US,1569500950,72,39.27,-81.55,18.0,1.5
474,Anage,42,BR,1569501043,61,-14.61,-41.14,23.27,3.51
475,Oriximina,83,BR,1569501047,68,-1.77,-55.87,28.67,1.23
476,Sangar,100,RU,1569501048,98,63.92,127.47,6.17,2.02
477,Komsomolskiy,100,RU,1569501049,92,67.55,63.78,1.07,2.59
478,Poya,52,NC,1569501050,79,-21.35,165.16,20.27,7.45
479,Manama,0,AE,1569501052,47,25.33,56.02,36.0,6.2
480,Alvorada,75,BR,1569501053,82,-30.0,-51.08,18.0,3.1
481,Plavinas,2,LV,1569501054,47,56.62,25.73,13.27,1.31
482,Yerbogachen,64,RU,1569501055,65,61.28,108.01,3.97,1.84
483,Flagstaff,90,US,1569500845,87,35.2,-111.65,16.11,2.1
484,Mogadouro,100,PT,1569501057,42,41.34,-6.71,20.37,1.96
485,Majene,38,ID,1569501059,71,-3.54,118.97,28.57,1.69
486,Huambo,0,AO,1569501060,39,-12.78,15.73,28.0,5.1
487,Behat,75,IN,1569501061,83,30.17,77.62,26.0,2.1
488,Arsk,75,RU,1569501063,61,56.09,49.88,7.0,5.0
489,Zwedru,93,LR,1569501065,59,6.07,-8.13,31.27,1.29
490,Vila Velha,40,BR,1569501066,55,-3.71,-38.6,30.0,9.3
491,Golden,20,US,1569501067,81,39.76,-105.22,8.33,4.67
492,Antofagasta,90,CL,1569500935,76,-23.65,-70.4,13.0,1.0
493,Batagay,100,RU,1569501071,73,67.65,134.64,1.67,1.52
494,Taman,40,RU,1569501072,82,45.22,36.72,16.0,5.0
495,Tahe,0,CN,1569501074,89,52.34,124.71,10.47,1.69
496,Khromtau,100,KZ,1569501075,38,50.26,58.44,9.07,1.35
497,San Quintin,100,PH,1569501076,87,17.54,120.52,24.97,1.06
498,Iquique,90,CL,1569501078,72,-20.22,-70.14,15.0,2.1
499,Adrar,0,DZ,1569501079,5,27.87,-0.29,44.0,4.6
500,Pascagoula,75,US,1569501080,88,30.37,-88.56,25.0,1.23
501,Butia,75,BR,1569501082,100,-21.88,-47.57,17.0,0.5
502,Manitouwadge,90,CA,1569501083,100,49.12,-85.84,8.0,2.1
503,Norman Wells,40,CA,1569501084,92,65.28,-126.83,-1.0,1.0
504,Novi Sanzhary,97,UA,1569501085,30,49.33,34.31,18.87,5.11
505,Viedma,48,AR,1569501086,66,-40.81,-62.99,12.97,6.64
506,Rincon,40,PA,1569501088,100,8.46,-82.28,24.0,1.0
507,Kununurra,0,AU,1569501089,51,-15.77,128.74,29.0,2.1
508,Panubigan,20,PH,1569501091,78,7.13,122.25,28.0,0.61
509,Petropavlovsk-Kamchatskiy,24,RU,1569501093,70,53.05,158.65,6.0,4.0
510,Manggar,99,ID,1569501095,81,-2.88,108.27,25.67,1.93
511,Bowen,40,AU,1569501096,82,-20.01,148.25,20.0,3.6
512,Zasheyek,100,RU,1569501097,73,67.41,32.55,6.67,1.93
513,Galle,93,GN,1569501101,73,10.08,-12.83,27.77,1.45
514,Balkhash,0,KZ,1569501102,30,46.84,74.98,20.0,4.0
515,Opuwo,0,NA,1569501103,12,-18.06,13.84,34.67,7.57
516,Kpandu,100,GH,1569501105,64,7.0,0.29,31.17,1.33
517,Springbok,0,ZA,1569501106,9,-29.67,17.88,37.37,7.88
518,Kenai,1,US,1569501025,45,60.55,-151.26,8.0,4.1
519,Sao Felix do Xingu,62,BR,1569501110,76,-6.64,-51.99,24.87,1.22
520,Shubarshi,100,KZ,1569501111,52,48.59,57.19,13.97,0.95
521,Great Falls,90,US,1569501071,26,47.5,-111.29,15.56,10.8
522,Mareeba,85,AU,1569501113,78,-16.99,145.42,22.22,3.6
523,Kupang,20,ID,1569501114,83,-10.16,123.6,26.0,2.1
524,Santa Fe,2,AR,1569501116,33,-31.62,-60.7,23.89,1.79
525,Inhambane,75,MZ,1569501025,53,-23.87,35.38,22.0,8.2
526,Iraray,54,PH,1569501118,83,8.99,118.05,25.77,1.1
527,Benghazi,0,LY,1569501120,66,32.12,20.07,25.27,4.44
528,Miles City,1,US,1569501121,86,46.41,-105.84,6.11,4.1
529,Vila,40,IT,1569501123,77,45.18,8.4,25.0,3.1
530,Ca Mau,100,VN,1569501125,85,9.18,105.15,26.17,2.2
531,Det Udom,0,TH,1569501126,70,14.9,105.08,29.0,4.6
532,Luwuk,100,ID,1569501127,98,-0.95,122.79,17.77,1.88
533,Virginia Beach,20,US,1569501129,83,36.85,-75.98,23.33,3.1
534,Areosa,75,PT,1569501130,68,41.72,-8.86,21.67,2.1
535,Kokino,75,MK,1569501132,50,42.26,21.95,25.0,2.96
536,Upernavik,100,GL,1569501134,55,72.79,-56.15,2.27,5.37
537,Chapais,90,CA,1569501138,93,49.78,-74.86,11.0,2.1
538,Wanning,40,AT,1569501139,59,48.64,13.53,20.0,5.1
539,Red Wing,1,US,1569500919,81,44.56,-92.53,10.0,3.61
540,Tevriz,82,RU,1569501143,72,57.51,72.4,5.77,3.4
541,Aldan,85,RU,1569501144,90,58.61,125.39,8.57,3.33
542,Nakusp,100,CA,1569501146,98,50.24,-117.8,8.33,0.5
543,Mecca,73,SA,1569500890,24,21.43,39.83,40.07,6.52
